text,label,annotation_notes,permalink,query
"I'll give you a hint. Nothing. But that's not Amorim as much as that the squad needs to be gutted completely, United doesn't have the resources to do it in one window. And judging by how little Amorim got out of this squad (it was doing better before he arrived) I fear nothing less than a complete new 11 will do it for him",,,https://reddit.com/r/PremierLeague/comments/1kpw1xo/it_has_been_way_too_long_without_an_arteta_post/mt13nkj/,gutted
"Yes, you're missing it completely. Two things can be true at once, but there's a clear emotional and cultural divide between players and supporters. Sure, many players love the game, love their clubs, and form deep bonds. No one’s denying that. But pretending that love is identical to what supporters feel is a false equivalence. We love the game for free. We invest without any personal gain--because it matters to us. That’s fundamentally different from someone whose livelihood depends on it, no matter how much passion they have. When a local lad, raised by the club, chooses to run down his contract and leave on a free to a European rival, it looks like opportunism. And yeah, that hurts the people who backed him from day one. If your ""Starboy"" ran his contract down at the peak of his career to play for a European rival, for free, just to please them, you'd be absolutely gutted and furious, and if you deny that, you're being intentionally dismissive to score a point.",,,https://reddit.com/r/PremierLeague/comments/1koaa5g/trent_alexanderarnold_mohamed_salah_criticises/msovm6v/,gutted
"Yes I don’t think there’s anything wrong with that. I’m from the US and stars leaving on free agency happens all the time, and is the preferred way of players moving (see Lebron in nba, he only moves as a free agent, never a trade) so the new team doesn’t get gutted for it. It’s just business, I’m more perplexed why this is such a big issue in European football (from what I understand fans don’t see the clubs as a business, whereas the US fans do and understands what comes with it)",,,https://reddit.com/r/PremierLeague/comments/1kmhbii/jason_burt_real_madrid_ask_liverpool_to_release/mso66hv/,gutted
"If you aren't a top Club yourself, you can't stand in the players way when it's Real Madrid!! In the 04/05 season in January we were 3rd only a few points off Chelsea and Arsenal above us and we still let Graveson go that January! Exactly the same it will be with Brainthwaite now, we would be gutted to see him go, but if Real want him and offer a fair deal, we have to let him go.",,,https://reddit.com/r/PremierLeague/comments/1kn7rj5/dean_huijsen_real_madrid_agree_50m_deal_to_sign/msgtej2/,gutted
"Even if that sheikh jassim saudi guy was real, all the options were shit & the only ones who suffer are the fans & the staff. They have gutted our football club and somehow arent even done & want to milk it even more.",,,https://reddit.com/r/PremierLeague/comments/1kltsw9/sources_amorim_to_pay_for_staff_to_attend_uel/ms5rgfv/,gutted
"Good for him.... but I'm a Liverpool fan not a Trent fan. He's a dirty little rat, as I said legacy ruined and none of you rival fans crying about that is gonna make him a legend. And he won't care? We've even got rival fans such as yourself getting upset at us Liverpool fans calling him out, lmao he's gonna be gutted. Ask Michael Owen if he cared.",,,https://reddit.com/r/PremierLeague/comments/1kliylf/trent_alexanderarnold_real_madrid_yet_to_make/ms2s70w/,gutted
"You get fired. This is the situation where HR decided hey, we want him and his skills. It doesn't matter if he and his skills don't fit and now we have a manager that's not suited and adaptations he tried didn't work and incompetent HR who also needs to be gutted.",,,https://reddit.com/r/PremierLeague/comments/1kkz82m/hot_take_united_should_have_kept_van_nistelrooy/mrylidw/,gutted
"Amorim apparently didn't want the job until the summer but they persuaded him. I just struggle to believe that the discussion involved him only being able to sign one 20 yr old lb in jan. Love dorgu BTW, bit gutted they signed him, was kind of hoping he was on our radar, think he could be quite a talent in a few years if managed well. Coukdnt have done much worse in the league with Ruud but that being said, they would never have made top 5 and now they're one game away from CL qualification. If they manage to win then as long as they give Amorim a few windows of support and time to show what he can do it might work out OK.",,,https://reddit.com/r/PremierLeague/comments/1kkz82m/hot_take_united_should_have_kept_van_nistelrooy/mryc6hf/,gutted
"Every week I would check the tables and I would think, Spurs and United surely will have a surge at some point. Well they did, but towards the bottom. It is a great lessons in sports. Even at the highest levels and with massive funds, soccer can’t be bought. The sport is much too communal. It requires every part of the team to work in unison as a unit, and a brilliant coach to make it happen. Money can help that happen, but it can’t ever make it happen. The rot at United is so severe that the whole club needs to be gutted down the foundation. The hubris from their historic run under Ferg has lead to an intractable narcissism that cannot just be wiped away with a new coach and squad. The DNA of the club has to change. They think they are much better than they actually are. Spurs, no idea. Feels like epic mismanagement from top to bottom.",,,https://reddit.com/r/PremierLeague/comments/1kkdocp/spurs_and_man_uniteds_position_in_the_table_after/mrw9lxd/,gutted
Still gutted we had to sell Anderson.,,,https://reddit.com/r/PremierLeague/comments/1kkdkze/psr_workaround_for_villa_newcastle_forest_etc/mrvkrmh/,gutted
">festive end of season What! I couldn't believe how quiet they were yesterday. Especially at 2-0 up, on a lovely, sunny day, at their first home game since winning their first PL with their fans in the ground. The only time I heard them was when they scored, and when they bood one of their own who has delivered the lot during his time there. Bradley looked embarrassed and gutted for TAA during the substitution. He must have thought, ""You'll sing my name now, but if the guy I'm being subbed off for is getting abuse after the service he's given to this club, what could I possibly do to keep them happy?"" YNWA is as big a myth as ""the famous Anfield armosphere.""",,,https://reddit.com/r/PremierLeague/comments/1kk9jmd/liverpool_fans_hostility_toward_taa_a_sour/mrv52jz/,gutted
I remember Sevilla beating us in the final in Klopp’s first season and I was gutted but it was a big time for us kicking on. I remember Sevilla winning 3 in a row and Emery bossing it. Atalanta last year I remember obviously. I remember Liverpool in 2001 winning 5 trophies in one year albeit no CL or PL. Carragher’s favourite season as a player even though he played in Istanbul and also my favourite season other than Klopp’s PL win. Hate watching United win it with Jose I watched too.,,,https://reddit.com/r/PremierLeague/comments/1kj7d1j/are_arsenal_fans_stuck_between_a_rock_and_a_hard/mrlg2v8/,gutted
"From a fans perspective and Liverpool. I would be gutted, at least Harry Kane had the decency to get Spurs a 100mm fee. Madrid are getting another world class player in their prime where the signing on bonus is likely a 1/4 of the transfer fee. Daylight robbery from them again. Proving without a doubt they are the biggest club in the world. Trent leaves having won everything there is to win at Liverpool as well as a return to the top of the perch(sadly as a United fan). He gets a huge signing bonus and a massive increase in wages. A huge win for him. He gets to play in sunny Madrid with his best friend Jude.",,,https://reddit.com/r/PremierLeague/comments/1kf7g1v/alexanderarnold_to_leave_liverpool_at_the_end_of/mqowtlw/,gutted
"Yer but is it not obvious? A core group of players at Liverpool have been together for a few seasons, and playing well at that. United completely gutted the team for Erik, were terrible, then completely gutted what little we had left when Amorim came in (Sancho, Rashford, Antony, McTominay, Malacia). Do you think if Arne Slot came to United he would say ""don't spend any money, this squads gret""? Come on now... we're shit!",,,https://reddit.com/r/PremierLeague/comments/1k8zulv/amorim_no_regrets_about_taking_man_utd_job/mpgpq4w/,gutted
As an Arsenal fan bit gutted we couldn’t do it again this year but much happier to see Liverpool win it than Citeh buy another title again.,,,https://reddit.com/r/PremierLeague/comments/1k98sdi/congrats_liverpool/mpejs8i/,gutted
"100%. If we had a consistently fit team like pool have all season I’d be gutted, but either way well done to Liverpool.",,,https://reddit.com/r/PremierLeague/comments/1k98sdi/congrats_liverpool/mpcg04q/,gutted
"Arne Slot all day long. As a Liverpool supporter I was cautiously optimistic for a top 4 finish at the start of the season, what Slot has done is phenomenal. The only one close would be Nuno Espírito Santo, but that will depend on final league position and winning the FA Cup, right now Forest are in 6th place with 5 games to play. I’ll be absolutely gutted for Forest if they don’t finish in the top 5 and get that CL football, they deserve it far more than the other 4 teams battling for those spots.",,,https://reddit.com/r/PremierLeague/comments/1k8faiw/who_is_manager_of_the_season/mp66fgt/,gutted
I hate MUFC with every fibre of my being and even I’m a bit gutted for the loyal ST holders being fucked over by your owners so they can add in more corporate seats for tourists with their phones out,,,https://reddit.com/r/PremierLeague/comments/1k7pr8f/the_celebrations_at_anfield_on_sunday_will_be/mp05t84/,gutted
"It was literally about 10 blokes in the whole ground, doing it ironically late in the game when we were 2-0 and the game was dead. Sky sports cherry picking a couple to show on camera was a dirty trick. I can tell you for certain the fans were very much behind the team and were gutted when Son missed that chance on goal. I know because I was there so don't bother telling me I'm wrong unless you were in the stadium and I was dreaming.",,,https://reddit.com/r/PremierLeague/comments/1k3s1yc/will_liverpool_lift_the_pl_trophy_next_sunday_if/mo523wt/,gutted
Absolute sickening. A league started by working class for working class completely gutted and hallowed for profits,,,https://reddit.com/r/PremierLeague/comments/1k34tm6/premier_league_clubs_are_charging_as_much_as_1800/mo4kvb7/,gutted
I’m a Liverpool supporter but also chuffed to bits to see premier league teams doing so well and was gutted for Villa to be knocked out by PSG. I don’t really care about our national team really but weirdly do care a lot that our club teams do well in Europe.,,,https://reddit.com/r/PremierLeague/comments/1k247qt/what_a_week_for_english_teams_in_europe/mnr9qyc/,gutted
Gutted we’re winning number 20 lad,,,https://reddit.com/r/PremierLeague/comments/1k1oaej/manchester_united/mnntql5/,gutted
"Whilst generally true and something I'm very jealous of, he did get a hamstring injury last season and didn't really return to form afterwards as Liverpool dropped from 1st to 3rd by the end. This season he has played almost every single game possible, except for the FA Cup - coincidentally where Liverpool lost to Plymouth, albeit with a heavily rotated squad. It's why a lot of us rival fans were gutted when he signed an extension!",,,https://reddit.com/r/PremierLeague/comments/1jyrgr9/arsenal_injuries_being_the_factor_of_liverpools/mn132a5/,gutted
"I’m an Arsenal fan, so im all for this. Means they won’t prioritize Saliba Same reason I was gutted Lenny Yoro went to Utd, it was a double-whammy. Utd got stronger, and Madrid lost out on a long-term CB target that would’ve dropped their interest in Saliba",,,https://reddit.com/r/PremierLeague/comments/1jybj4s/dean_huijsen_on_wanting_to_join_real_madrid_while/mmx7c9v/,gutted
"I'd have been well happy with him at Liverpool at the time with our aging midfield, I was gutted we weren't in for him, he'd have brought more to man u than casemiro did, genuinely think he could have been a great addition to a lot of teams. Your recruitment has been great. Really hoping Emery can get his cup mojo going and get you through the second leg, good to see you guys back in Europe again. 💪",,,https://reddit.com/r/PremierLeague/comments/1jxk8am/ollies_goal_against_southhampton/mmr3s30/,gutted
"I've always been a pretty ardent admirer, but its been a long time since that Ancelotti season. I think his obssession with replicating the Ronaldo leap has irrevocably damaged his hamstrings (I'm no physio, mind), his body language hjas been poor the last 12 months, and I've no faith in him in one-on-ones. Given all that, if he's not willing to sign a contract that would likely make him our highest earner, and/or give us revenue frrom a sale, then tatty-bye. Not remotely as gutted at that prospect as I might have been three or four years ago. I think we might have something in Chermiti, Beto's done enough to earn a reprieve, and if we can get Morales from Rangers, and one other, even from the Championship, I'd be content.",,,https://reddit.com/r/PremierLeague/comments/1jws7wh/12_players_out_of_contract_who_should_everton/mmqryyp/,gutted
"I'd argue PGMOL needs to be gutted and use that cash that EPL makes from broadcasting, to hire more competent refs around the world. Current refs aren't cutting it and only getting in a way of enjoying the spectacle.",,,https://reddit.com/r/PremierLeague/comments/1jtmb1l/dale_johnson_var_review_key_match_incidents_kmi/mlzocv5/,gutted
"Also, as a side note, gutted you lost to Villa. Was hoping you lot would catch Arsenal.",,,https://reddit.com/r/PremierLeague/comments/1jtq722/eight_virgil_van_dijk_incidents_that_fuel/mlwgh4h/,gutted
"Not a Pompey fan, but the only answer for people of a certain age is Andres D'Alessandro. 13 games in a loan spell, I was gutted they never signed him permanently.",,,https://reddit.com/r/PremierLeague/comments/1jm44cd/whats_one_player_you_really_miss_that_left/mk9tuvx/,gutted
"Yeah I’m sure you’ll find many Liverpool fans gutted we’re “only” going to win the league lad lmao 9th trophy in 6 years, feels good lad",,,https://reddit.com/r/PremierLeague/comments/1jlsohe/fabrizio_romano_real_madrid_were_very_clear_with/mk6dtf0/,gutted
It's abit different as Liverpool are in the same country and are competing for the same champions league places/cup competitions If Trent left for say arsenal for example I could see the reasons for the uproar. If real Madrid came in for isak I'd obviously be gutted but I wouldn't hold anything against him for wanting to play for the biggest club in Europe/world,,,https://reddit.com/r/PremierLeague/comments/1jlsohe/fabrizio_romano_real_madrid_were_very_clear_with/mk6aym7/,gutted
"It's abit different as Liverpool are in the same country and are competing for the same champions league places/cup competitions If Trent left for say arsenal for example I could see the reasons for the uproar. If real Madrid came in for isak, I'd obviously be gutted but I wouldn't hold anything against him for wanting to play for the biggest club in Europe/world",,,https://reddit.com/r/PremierLeague/comments/1jlsohe/fabrizio_romano_real_madrid_were_very_clear_with/mk6aym7/,gutted
"As an Everton fan, I was gutted to learn that we scouted him first but failed to keep him. In hind sight, it was a bullet dodged.",,,https://reddit.com/r/PremierLeague/comments/1jk6irf/joey_barton_handed_12week_suspended_prison/mjy9rcd/,gutted
"To be fair, so are Liverpool supporters, being hypocrites I mean. As are all supporters worldwide. Liverpool did sign players on a free in the past. Didn't hear this backlash when Liverpool were the beneficiaries. I tend to agree with your sentiment though, I would be gutted, if an academy product would leave on a free and would never mock you guys for feeling this way.",,,https://reddit.com/r/PremierLeague/comments/1jk62rw/a_counter_to_the_trent_shouldnt_get_hate_post/mjss3sz/,gutted
"It’s so weird. Kobbie Mainoo’s from the same town as me, I know his first coach a little and tons of people whose kids played with him or went to school with him. My lad’s 8, and watched him score a Cup final goal against city. He knows that playing for our team is absolutely possible if he’s good enough. If he were to leave, I’d be gutted. It’s really personal to me and my family. But hate him? Never. I want him to have the best career he can. I’ll be pissed off with the owners, but not with Mainoo. Of course he’s not the same player as Trent, and he’s not won as much but I don’t think that matters. Ex United players very rarely get booed at Old Trafford and I think that’s the way it should be.",,,https://reddit.com/r/PremierLeague/comments/1jk2pq9/i_know_im_in_the_minority_here_but_i_dont_think/mjsmgn4/,gutted
"Even foreign players show more loyalty to the club than a born-and-bred Scouser. Gutted but it's fair, he fulfilled his contract with good memories.",,,https://reddit.com/r/PremierLeague/comments/1jji8gf/trent_alexanderarnold_and_real_madrid_closer_and/mjnwyg7/,gutted
"2006 Champions League Final. As an Arsenal fan, still gutted. Man down, holding on to a 1-0 lead until the last quarter hour, having more chances, then not making it. Ugh.",,,https://reddit.com/r/PremierLeague/comments/1jgi06s/whats_a_match_result_that_genuinely_felt_like/mizfjfc/,gutted
"Well we did lose 9-0 twice in consecutive seasons, but that was more humiliation than heartbreak. There was a 3-3 draw at Arsenal the season before last which, had we won (1-3 on 90 mins), would’ve given us a sniff at staying up. It was one of those weird moments where both sets of fans were gutted at the final whistle.",,,https://reddit.com/r/PremierLeague/comments/1jgi06s/whats_a_match_result_that_genuinely_felt_like/mizbgyc/,gutted
"That’s only because they believed FFP was actually enforceable and therefore couldn’t spend if they were to stay compliant with only 1 season of CL football in the past 20+ years. Now that regulations have been gutted by the courts and via geopolitical pressure, Newcastle can finally spend aggressively like they do in just about all of their other sports ventures. ex. Saudi Pro League, LIV, formula 1, boxing, etc. It’s not like KSA weren’t spending because of a lack of resources or financial sustainability. There is a reason they were heavily backing City in the courts and were one of only 3 PL clubs that voted to scrap PSR entirely. Spending big is their MO. I’d be shocked if they weren’t spending at least the level of Tottenham or Liverpool by the end of the decade.",,,https://reddit.com/r/PremierLeague/comments/1jd8kbv/newcastle_would_be_ultimate_feelgood_story_if_not/mipg65k/,gutted
"That’s only because they believed FFP was actually enforceable and therefore couldn’t spend if they were to stay compliant with 1 season CL football in the past 20+ years. Now that it’s been gutted by the courts and via geopolitical pressure, Newcastle can finally spend aggressively like they do in just about all of their other sports ventures. ex. Saudi Pro League, LIV, formula 1, boxing, etc. It’s not like KSA weren’t spending because of a lack of resources or financial sustainability. There is a reason they were heavily backing City in the courts and were one of only 3 PL clubs that voted to scrap PSR entirely. Id be shocked if they weren’t spending at least the level of Tottenham or Liverpool by the end of the decade.",,,https://reddit.com/r/PremierLeague/comments/1jd8kbv/newcastle_would_be_ultimate_feelgood_story_if_not/mipg65k/,gutted
Congrats to Newcastle it was a fully deserved win. Obviously gutted by the result but genuinely happy for their fanbase.,,,https://reddit.com/r/PremierLeague/comments/1jcsagf/liverpool_vs_newcastle_live_updates_carabao_cup/mi60pnf/,gutted
As a liverpool fan I kinda agree. If there was one team to lose to I would pick Newcastle. I'm gutted but fair play to them they deserved it.,,,https://reddit.com/r/PremierLeague/comments/1jcs7uz/newcastle_united_have_won_the_2025_carabao_cup/mi4t0oz/,gutted
I’m sure he’s gutted you don’t rate him.,,,https://reddit.com/r/PremierLeague/comments/1jc6j65/mainoo_is_overhyped_from_when_ive_watched_him/mhzr8tk/,gutted
"Absolutely gutted Newcastle sold Anderson, but I'm pleased for the lad. He probably wouldn't be getting as many minutes if he stayed at Newcastle. But that transfer just shows how much PSR is abit of a joke",,,https://reddit.com/r/PremierLeague/comments/1j6qql3/whats_going_on_with_nottingham_forest/mgu1xzx/,gutted
"honestly pretty gutted that all three promoted teams will probably get relegated this season. As the money getting funneled into the league increases, and new teams restricted to PSR rules, have a feeling that promoted teams are going to do less and less well.",,,https://reddit.com/r/PremierLeague/comments/1j6peh0/can_southampton_break_records/mgqjcew/,gutted
"We were in 15th when Arteta took over. And I agree, the bare minimum RA should get is a lifetime contract. I was gutted when you didn't offer ETH one.",,,https://reddit.com/r/PremierLeague/comments/1j5qlff/amorim_i_wont_get_time_arteta_had_at_arsenal/mgopzwf/,gutted
The only luck was against PSG. Every other game was a masterclass. You’re just a gutted Man City fan that can’t escape their corruption.,,,https://reddit.com/r/PremierLeague/comments/1j5jcm0/liverpool_have_defeated_the_champions_of_england/mghww2n/,gutted
Yes ! I was gutted when we sold him,,,https://reddit.com/r/PremierLeague/comments/1j56458/who_will_be_biggest_pl_surprise_or_omission_in/mgeidcw/,gutted
"As a Liverpool fan I know what you mean you don’t like to see any fanbase be taken advantage of or their club gutted but it’s harder to feel sorry for United fans, I think when you see them winning Europa leagues fa cups and they’re saying no fan base has had it worse than us, then you compare that to Newcastle, Bolton wanders and other clubs which have gone bust it irks me",,,https://reddit.com/r/PremierLeague/comments/1j2eay3/amorim_responds_to_rooney_easy_to_be_a_pundit/mfs9lko/,gutted
"It's not even just the amount or length of time, but who's been injured, our starting 11 has been completed gutted throughout the season playing a total 7 games out 41 so far with our first team, were as other then Allison and Robinson the majority of Liverpools injuries have been second choice players and have kept there first team fit throughout the season. (Witch is a testament slot since keeping players fit has been a running issue for Liverpool past few years)",,,https://reddit.com/r/PremierLeague/comments/1izhkjv/van_dijk_on_prem_title_race_nothing_decided_yet/mf3zvdg/,gutted
"Ethan Nwaneri and Myles Lewis-Skelly are both very young and mainstays now. The only thing a youth striker should be gutted about, is the fact they haven't been able to impress the staff enough in training or youth matches to warrant inclusion in the first team squad. Saka came from the academy, as did Emile Smith-Rowe and Joe Willock. If they're good enough, they get a chance.",,,https://reddit.com/r/PremierLeague/comments/1iynesu/whats_wrong_with_arsenals_youth_strikers/mevspxe/,gutted
I can only imagine Salah is absolutely gutted at being snubbed by the legendary Troy Deeney,,,https://reddit.com/r/PremierLeague/comments/1ix8ax1/deeney_snubs_salah_again_for_potential_liverpool/mek6de1/,gutted
A club owned by leeches that conned a disaster capitalist to be their shield. Soon they’ll be gutted completely.,,,https://reddit.com/r/PremierLeague/comments/1ix1in7/manchester_united_close_staff_canteen_in_latest/meifu28/,gutted
"I'd give him an F, and an F- for PR. A similar thing happened to West Brom under bad owners and they gutted the day-to-day staff for pennies whilst running the club into the ground. I said it in another thread, the only real solution is new owners. Ironically, there was a degree of optimism when Ineos took over but those who know how Nice are run will understand it was never going to end well. Once again, the Glazers make more money out of Man Utd while its standards drop.",,,https://reddit.com/r/PremierLeague/comments/1itvcsb/grading_ineos_first_year_at_man_united_squad/mdsejth/,gutted
I’m honestly not surprised. He looked dangerous when we played them and you could see there was a top player in there. gutted we didn’t make a move for him,,,https://reddit.com/r/PremierLeague/comments/1iq5xgl/marmoush_nets_hattrick_as_man_city_blitz_newcastle/md7drms/,gutted
"Yes. Let's hand the keys of our game to the billionaires to play with and drop at a whim. When cultural cornerstones of British Cities, towns and villages become obsolete because they've been gutted and asset stripped after a failed shot at the big time let nobody complain. Everyone hated the super league (correctly) for what it would do to our football pyramid, while opening the floodgates to uncontrolled spending from nation states that neither know nor care about our history or culture is seen as a positive.",,,https://reddit.com/r/PremierLeague/comments/1iph02n/premier_league_sponsorship_rules_void_says/mcrx6qa/,gutted
"It’s the 12 year old midfielders in defence and blind goalie with Vaseline on his gloves that’s the problem for spurs mate, and Son is fucking shit everywhere this year. And bloated squads?? They’ve had school kids and 2/3 goalies on the bench all season. And as a spurs fan I would love to see Sterling up front all year as well, gutted about Havertz!! lol.",,,https://reddit.com/r/PremierLeague/comments/1ip1rq7/injuries_getting_out_of_hand/mcrbt4v/,gutted
Gutted this couldn't have come a week earlier tbh. Imagine the scenes of Heitinga managing Liverpool against Everton.,,,https://reddit.com/r/PremierLeague/comments/1ioguwp/liverpool_boss_arne_slot_handed_extended_ban_as/mcnj9a5/,gutted
I agree with the main post but at about 60 minutes I was saying to myself “how the fuck did dyche do nothing with this team”? After a couple of games with moyes I was pretty gutted that we couldn’t play you before when dunce was in charge!,,,https://reddit.com/r/PremierLeague/comments/1io2w3u/i_am_unconsolable_after_that_liverpool_game/mcg2ccu/,gutted
Yeah I’m gutted to be honest. First mistake from Slot but it’s clear he didn’t want the congestion. I don’t think I’ll remember that game when we win the league to be honest.,,,https://reddit.com/r/PremierLeague/comments/1h6ntve/newcastle_vs_liverpool/mbzqqmz/,gutted
Who’s left from when people started complaining about the whole squad needing gutted?,,,https://reddit.com/r/PremierLeague/comments/1ijqkw3/marcus_rashford_doesnt_see_football_like_i_do/mbjo0xd/,gutted
"Nope, we’ve gutted a bunch of top earners in the summer. We’re like 8th now. Villa and Newcastle are now higher. Lowest wage to revenue ratio in the top 5 leagues. You’ll never sing that",,,https://reddit.com/r/PremierLeague/comments/1ijj2fs/jamie_carragher_tears_tottenham_apart_it_was/mbgfavy/,gutted
"They must be gutted that their incredibly successful tactic of spending their way out of trouble might be coming to an end. Seriously though, a reset like this could be the best thing that’s ever happened to the club.",,,https://reddit.com/r/PremierLeague/comments/1ihkzij/manchester_united_face_tough_summer_transfer/maxzr3g/,gutted
"Pointless comment. We bought Grealish before Palmer was even getting minutes?? In terms of promising youth breakthroughs, Oscar Bobb was the next one we were excited to see more of, but he’s been out with a broken leg since preseason. I’m sure the club regret selling Palmer every day but he was never going to flourish the way he has within Pep’s system, or it would’ve taken years to do so. Chelsea was in such a disastrous state that Palmer just walked into the team and ran the whole show last season. I’m genuinely happy for him while gutted that he’s become as good as he is.",,,https://reddit.com/r/PremierLeague/comments/1ihczqq/pep_is_the_only_manager_in_the_world_who_can_drop/mawdi5j/,gutted
"Just the 300m short there of the 1bn mark. Arsenal gutted and rebuilt an entire squad, shockingly that costs money. Happy to look at how much money has been spent under current owners for City, or just under Pep? Because the figures pale in comparison",,,https://reddit.com/r/PremierLeague/comments/1ihcl8m/rate_manchester_city_major_transfers_signings_in/maw1x4p/,gutted
"No? Everyone and their nan knows that United doesn't have the players for Amorim's preferred 3-4-3. I was gutted that United signed Amorim... But secretly hoped he's as stubborn as reported... If you insist on suiting the players to your system... You're not really helping your players. If you're in a situation that doesn't require immediate results... Then sure, sign players that suits your team and slowly drill your philosophy into the players. But he's not. He needs immediate results. Even a manager as stubborn as Klopp.... Known notoriously for implementing a plan A and refusing to have a plan B... Joins Liverpool and find solutions that suit the team. But hey, I'm not complaining. He's ""staying true to himselves"" at the expense of Memechester United.",,,https://reddit.com/r/PremierLeague/comments/1ig0w74/one_football_ruben_amorim_has_really_lost_more/maqlg5x/,gutted
"If I were a fan of the Colombian national team I’d be gutted that one of the best generational talents is trading in his maximum potential for money, but the neutral in me is quite happy for him to be able to make life-changing money not only for himself but his family. Any money coming OUT of the pockets of wealthy Saudis is good for society.",,,https://reddit.com/r/PremierLeague/comments/1iemfg7/aston_villa_can_confirm_that_jhon_durán_has/mab60h6/,gutted
"I’d be gutted if Brighton sent our best player to play in some dog shit league, against his wishes. Shows loyalty and morals by rejecting this offer. Thank you Kaoru and Tony Bloom for showing what it means to be a team, top to bottom.",,,https://reddit.com/r/PremierLeague/comments/1ieeg43/al_nassr_fail_with_90m_offer_for_surprise_premier/ma7ydpx/,gutted
"Gutted. I’d hoped we’d have found a way to get him in the summer but if he wants to piss his career away making outrageous money, that’s his choice. I’d love to know what Al Nassr are going to do formation wise because they’ve got Boniface, Mane and Ronaldo already lol",,,https://reddit.com/r/PremierLeague/comments/1id3d9m/david_ornstein_excl_jhon_duran_set_for_medical_in/m9w9fam/,gutted
"It’s definitely had an effect on TV coverage in the UK. Saturday social is one of the most awful football programmes produced and the fact Sky have also allowed their coverage to become celebrity fan zone whenever Man U or Liverpool for ‘content’ is a huge turn off. Likewise TNT Sports brought in Laura Woods in the hope they could copy the magic CBS has on champions league nights but it just comes across as forced and cringe, especially with Rio about. It’s why most preferred Amazon’s sensible, quality coverage and are now gutted we’ll no longer have it for PL matches for the foreseeable. That is the future 100%!",,,https://reddit.com/r/PremierLeague/comments/1ichpjt/unpopular_opinion_thread/m9spw0j/,gutted
"Owners are shite and have been for a while. In the arms race that is the EPL, you have to get stronger not weaker. We’ve sold off our best players, profited for the owners, but not reinvested in current talent or the club’s facilities. We’re being gutted and will be left much worse than they found us. We’re realistically discussing in the sub that relegation is not going to be a bounce back. We may toil in the below for years and years. It’s dreadfully depressing. At least now all the “Wolves squad is too talented to be relegated” tripe has shut off. We’ve been atrociously built and it was neither Gary nor will it be VP’s fault when we go down, or at least not theirs solely. FOSUN out.",,,https://reddit.com/r/PremierLeague/comments/1i9niow/match_thread_wolverhampton_wanderers_vs_arsenal/m9a4bhk/,gutted
"The bbc article last night was a disgrace. The guy hasn’t worked out, he must be gutted too, but that hatchet piece linking his failure to score with the charity donation cut back and redundancies was not befitting of the bbc. It verges on bullying and not a good look. He started off well but fell away badly. There’s a good player in there somewhere but it’s just not good place for him to be.",,,https://reddit.com/r/PremierLeague/comments/1i94umb/antony_manchester_uniteds_81m_man_set_for_fresh/m92i3at/,gutted
The past few months he has actually started to play to his strengths instead of trying to be like ronaldo. He has a good return for assists and goals and i would be gutted if he got sold old over mount/rashford,,,https://reddit.com/r/PremierLeague/comments/1i5sm40/garnacho_downfall/m8ista0/,gutted
"I think people underestimate how deep the cracks are at man United. Ronaldo highlighted that the club as behind in so many facilities including training ground, rehabilitation centres, and ever so highlighted by the interior of the stadium leaking. Even if you have a amazing seed you cannot plant it if the dirt is complete trash. United are rotten to the core and need to be completely gutted and rebuilt from scratch .",,,https://reddit.com/r/PremierLeague/comments/1i5durd/genuinely_asking_man_utd_fans_if_moyes_van_gaal/m83d39f/,gutted
"Your fans were the worst last year when Spurs, Villa, Newcastle and Liverpool were all gutted by injuries. Now this year your playing the injury card for a result against a team that had ad many key players out injured as you. All I've heard about is how Saliba was injured. Yet Pau Torres our starting CB who has some of the best progressive pass stats of any defender in the league.... not even mentioned. And whilst we're at it, Arsenal conceded for the same reason they scored in the first place, they overloaded high up the pitch to peg Villa in but left gaping space in behind. Villa threatened that space the whole game, and scored off 2 sublime crosses. Arsenal had to ride a bit of luck and explore similar defensive errors to be 2-0 up in the first place. We've done this to you 3 times now, and people still act like Villa are Derby County who managed to stumble the ball into the goal.",,,https://reddit.com/r/PremierLeague/comments/1i4b8r5/match_thread_arsenal_fc_vs_aston_villa_live_score/m82ej27/,gutted
I'm sure the Arsenal players are gutted by that mate,,,https://reddit.com/r/PremierLeague/comments/1i2jvzw/declan_rice_after_21_win_against_tottenham_we_are/m7fc879/,gutted
I’m not entirely convinced there’s enough stand out stars in the squad for it to be gutted the usual way come summer.,,,https://reddit.com/r/PremierLeague/comments/1i24u1g/what_will_happen_to_nottingham_forest_after_this/m7dijba/,gutted
The atmosphere at Stamford Bridge has been completely gutted because of the amount of day trippers and tourists. I'm not saying foreigners should never support the club. I'm calling out the fans that don't know the basic history of the club and those who have a sense of entitlement because they wake up at silly o'clock to watch us as if it's some kind of strenuous chore.,,,https://reddit.com/r/PremierLeague/comments/1i1lndz/unpopular_opinion_thread/m79uh3b/,gutted
I have really rated Havertz was gutted when we signed cause I knew all progress we’d made was going to start backsliding . He may move great into the box but odds are any chances he gets wont be converted unless it’s put on a plate for him. The link up play people talk about can count on my hands the times he has made a deft pass to a team mate. According to me he is a talentless Ozil who will prolly send us to the dark ages and hopefully arteta back to Basque country,,,https://reddit.com/r/PremierLeague/comments/1i0cc9x/the_firminofication_of_kai_havertz_and_its/m6z9rcu/,gutted
"Absolutely this. I was gutted when he left, even though I fully understood the reasoning behind it. In his pomp, Bobby was a vital cog in our machine, and was, as you said, just a pure joy to watch.",,,https://reddit.com/r/PremierLeague/comments/1i0cc9x/the_firminofication_of_kai_havertz_and_its/m6wyawk/,gutted
"High street shops wouldn't stock the Mexican second division. They stock the big brands, probably 8 across 4 league's It's all gone online now, I was gutted when soccerscene on Carnaby street closed.",,,https://reddit.com/r/PremierLeague/comments/1i0c310/buying_wearing_club_kits_from_other_national/m6wnhia/,gutted
"I've never not celebrated a goal. Then I get to celebrate again with VAR, or I'm gutted we've conceded and get to celebrate when it's overturned",,,https://reddit.com/r/PremierLeague/comments/1hzrs7v/i_think_its_fair_to_say_var_is_necessary/m6s9494/,gutted
"I mean Newcastle are probably the scummiest team in the league for cheating these days. Guess that goes hand in hand with being an oil club. They hadn't even cracked the top ten in years before Saudi bought them. I have a lot of affection for Forest though just because I genuinely want to see Nuno do well but they massively overspent and barely avoided falling foul of FFP to an Everton level. The only team that you listed that didn't buy their way to where they are is Bournemouth. But that's the sport. Pretending it isn't about money is ridiculous. Pretending one team ""earned it more"" is also silly. Spurs will move back up once we get players back from injury. Just like Newcastle last season, we don't have the depth for European football while we rebuild and it's gutted the team. That's not going to be a forever thing. We're already reinforcing and players are coming back from injury.",,,https://reddit.com/r/PremierLeague/comments/1hz6nyz/tottenham_fan_from_the_us/m6ngyal/,gutted
"Ashley decided to go on X to post ""Gutted....""",,,https://reddit.com/r/PremierLeague/comments/1hybsjt/whats_everyones_thoughts_on_this/m6g6q4z/,gutted
"Slightly unrelated but my grandad who passed away last year was a massive forest fan, I'm gutted he didn't get to see them play like the good old days, again. Naturally I have a soft spot for them even if they take a European spot at my clubs (villa) expense. Up the Forest.",,,https://reddit.com/r/PremierLeague/comments/1hwlhll/could_nottingham_forest_really_do_a_leicester_and/m63rizt/,gutted
Gutted when he went.,,,https://reddit.com/r/PremierLeague/comments/1hvahjg/forest_v_wolves/m5u6pyl/,gutted
"Fully agree. As soon as they showed the first replay I was gutted because it was 100% coming. It was harsh and unlucky, but def a pen. I say harsh and unlucky because it was point blank and jumping. But he blocks a shot with his hand, even if he didn’t mean to",,,https://reddit.com/r/PremierLeague/comments/1hudpot/this_was_absolute_cinema/m5kuh3o/,gutted
“That was an absolutely fantastic penalty. He’ll be gutted it went wide”. “In most cases when a team doesn’t have any goals they don’t win the game”.,,,https://reddit.com/r/PremierLeague/comments/1hu1yup/michael_owen_on_if_he_is_a_liverpool_legend_in_my/m5jy3k7/,gutted
"Typical gooner, got nothing to add but woe is me. Still the specialists in failure… Jose gutted your club in ‘04 and you’ve never been respectable since.",,,https://reddit.com/r/PremierLeague/comments/1htkpir/anthony_taylor_is_an_absolute_shambles_of_referee/m5j6w35/,gutted
"As far as the Everton game specifically I was hoping for it to be called off. Weather conditions favoured the less technical team, we had a few big injuries and Everton had their heads up after the 4-0 against wolves. The fact they went on their next two games to get a point from arsenal away and Chelsea at home goes further to me believing the postponement was a good thing. It differs game to game, depending on the form and injuries of the teams from the postponed games. For example I can't wait to play United tomorrow and would be gutted if it was moved to later in the season because right now they are awful and who knows what they are like in a couple of months with a transfer window.",,,https://reddit.com/r/PremierLeague/comments/1htj2uo/games_in_hand_a_blessing_for_the_chasing_pack/m5ds6yh/,gutted
"I agree. I love the unpredictability this season and not just because I support Newcastle. Yesterday was a great FA Cup final, and I'm really buzzing for Palace knowing how good our parade was. And the fact that next season, English clubs are likely to have another good run. The league is only over for Liverpool and the relegated 3. The amount of things up in the air till the last day of the season most definitely gives fans a hell of a final day. How someone can call it a poor season shows how little this person knows on football matters and is mist likely a placca.",,,https://reddit.com/r/PremierLeague/comments/1kpf4qg/this_has_not_been_a_poor_season/mszxlf9/,buzzing
100% buzzing. Getting that shit booked in,,,https://reddit.com/r/PremierLeague/comments/1kop1wa/match_thread_crystal_palace_vs_manchester_city/mstpeob/,buzzing
"Wow 500k, Liverpool fans will be buzzing about that. It’s a good sum for a small club",,,https://reddit.com/r/PremierLeague/comments/1kmhbii/jason_burt_real_madrid_ask_liverpool_to_release/msb32ft/,buzzing
You made the claim he won us the league. He didn't. He made assists was it the most? Nope not even the top 5 this season. Winning the league wasn't expected which is why fans are especially salty that he is leaving while the team is buzzing. He is a buzzkill who wants to be the main character. The owners made it obvious he wasn't the main person So Madrid with a team full of egos he should fit in. He doesnt speak any Spanish and is going to have a hard time with the pressure in Spain.,,,https://reddit.com/r/PremierLeague/comments/1kk639i/liverpool_fans_trent_alexander_arnold/mrsd69j/,buzzing
"Seriously some of the reactions. I get having an issue with where he's going specifically but if the lad wants to leave then good luck to him. He's been a huge part of our success, created some of the best moments of football we've seen over the years, won 2.leagues and a champions league with us plus several other trophies and left on a winning season. We literally just won the league, this announcement is honestly no surprise to anyone, how are you letting this sour your mood? I'm still buzzing, was out last night for beers and the talk was all about this season and speculation on next seasons line up.",,,https://reddit.com/r/PremierLeague/comments/1kf7g5p/trent_alexanderarnold_after_20_years_at_liverpool/mqow1dq/,buzzing
"I’m low key jealous of the kopites and the parade etc id love us to win a cup and have a blue one for a change The city is going to be buzzing at the end of the month apart from us grumpy lot pretending we don’t care looking on envious Still hate them mind, they’re horrible",,,https://reddit.com/r/PremierLeague/comments/1kcs076/friendly_friday/mq684ay/,buzzing
I think long term we could do with the money it brings but still don't feel we're ready in terms of our squad and we'd have a much better chance in Europa of competing and winning but...like I said Champions League nights are just something else so I'm definitely buzzing if we get it.,,,https://reddit.com/r/PremierLeague/comments/1k9wp3o/way_too_early_thoughts_on_2526_title_contenders/mpkome2/,buzzing
Fuck me how far have you lot fallen off you’re buzzing off our banter now,,,https://reddit.com/r/PremierLeague/comments/1ka5x26/liverpool_has_20_league_titles_end_of_story/mpjrohg/,buzzing
"too many near misses in recent memory, so absolutely buzzing no matter in the manner it was won. Others may say it was a poor season from everyone, VAR favoured Liverpool more. The people there today deserved it especially after the COVID season. Let’s just hope they can build on it.",,,https://reddit.com/r/PremierLeague/comments/1k98sdi/congrats_liverpool/mpcgym1/,buzzing
We're just buzzing that wor Eddie is back,,,https://reddit.com/r/PremierLeague/comments/1k7bvjm/friendly_friday/moyj651/,buzzing
"You're thinking about this solely from the perspective of an Arsenal fan. If you asked a barcode fan what they think of this season, they'd be buzzing, Champions League looks a real possibility, and they've won a trophy that isn't a certificate. Forest almost definitely making Europe. The remaining sides in the FA Cup Aren't just the usual top 6 cohort.",,,https://reddit.com/r/PremierLeague/comments/1k06yda/unpopular_opinion_thread/mnds665/,buzzing
"His mom said 1am in bed not just at home. They lived more than 1 hour away from central London. So that meant leaving the award ceremony at 23:30 to be in bed by 1am. The award had an after party that lasted all night long. So for a 17 years old still buzzing from receiving an award who had never participated to anything like that it was early, especially since the party was on a Saturday.",,,https://reddit.com/r/PremierLeague/comments/1jwn9om/larissa_ferrari_mistress_on_the_abuse_she/mmnkhmd/,buzzing
"A great performance, two of the best free kicks any football fan could wish to see and a European night that will go down in history. Marvellous viewing! Not even an Arsenal fan and I'm buzzing.",,,https://reddit.com/r/PremierLeague/comments/1juntqi/declan_rice_wow_saka_wow/mm6e1y7/,buzzing
He was progressively getting better and better when he was taking free kicks for us. Great to see him progress to the point of scoring 2 unreal free kicks against one of the best big game goalkeepers still around… in the ucl! Buzzing for him.,,,https://reddit.com/r/PremierLeague/comments/1juntqi/declan_rice_wow_saka_wow/mm3yi9t/,buzzing
"People were calling us delusional for even thinking we could win 1-0 tonight. Buzzing for us to win the general election AND great British bake off, it’s already in the bag! COYG",,,https://reddit.com/r/PremierLeague/comments/1juntqi/declan_rice_wow_saka_wow/mm3pyce/,buzzing
"How are Liverpool fans crying about this? The lad has won everything for you ungrateful cunts and to top it all off he's going to win ANOTHER league title, he didn't cost you a penny get over it i wouldn't begrudge Isak for leaving Newcastle even before the League cup win. Hes a local lad yous should be buzzing he's won what he has and wish him well on his move to the biggest club in world football.",,,https://reddit.com/r/PremierLeague/comments/1jji8gf/trent_alexanderarnold_and_real_madrid_closer_and/mjvowkh/,buzzing
"The language is a huge advantage for the Premier League, that's true, and also the fan culture to a degree. Even on TV, if a stadium is packed and the atmosphere is buzzing, it makes a game more interesting. It's only really the Premier League and the Bundesliga that have stadia at full capacity on a regular basis.",,,https://reddit.com/r/PremierLeague/comments/1jc0pgo/should_english_clubs_have_the_501_rule/mil7uis/,buzzing
"I think the idea is that the area becomes a location in itself - not just for match days, there will be places to eat, drink, museum, stuff for kids, casino etc. It would be good to have more attraction for that side of Manchester, as all the footfall is concentrated to city centre. It’s a brilliant thing now that even on a Monday night, Manchester City centre is buzzing. But anywhere else in the wider is dead. If this part of town can get a bit of that footfall it can only be a good thing",,,https://reddit.com/r/PremierLeague/comments/1jesfny/a_new_manchester_united_stadium_isnt_about/mil5jsz/,buzzing
I cried. I’m 35 and seen us lose 3 finals. My mother died in 2018 at 52 and never got to witness them win. Our Julie would be fucking buzzing!,,,https://reddit.com/r/PremierLeague/comments/1jcs7uz/newcastle_united_have_won_the_2025_carabao_cup/mi5bd2v/,buzzing
Enjoy every second. Was buzzing throughout the game. That last 5 minutes felt like hell though.,,,https://reddit.com/r/PremierLeague/comments/1j9r9j4/the_telegraph_mohamed_salah_needs_to_raise_his/mi507jj/,buzzing
You’re not wrong to ask the question &amp; your points are all fair and valid. But as a match-going United fan myself I’m buzzing at today’s news. I adore Old Trafford &amp; it is a huge shame that it will disappear but at the same time it is falling apart and the logistics of it mean it just wasn’t viable to spend a billion quid on refurbishing it. I was genuinely hoping they’d keep the old stadium at a much scaled down version (say 10-15k) for academy &amp; women’s teams to play in. And to preserve the history. But it seems it isn’t viable to do that. Which is a huge shame. I just hope this new stadium isn’t a soulless bowl &amp; becomes iconic in its own way.,,,https://reddit.com/r/PremierLeague/comments/1j8o88u/the_destruction_of_tradition_in_the_pl/mh6oeh4/,buzzing
Overlooking that PSG team is nuts. I knw anfield on a champions league night is buzzing but the parisians aren't finished by a long shot. If we get through it's Aston villa followed probably by Los blancos. I just want us to secure the league. Everything else is a bonus.,,,https://reddit.com/r/PremierLeague/comments/1j6rzcd/liverpool_the_first_of_three_finals_how_good_can/mgscn0b/,buzzing
"It certainly had that feel about it mate. I was watching it with my best mate who is a Liverpool fan, a goalkeeper and must be one of Alisson's biggest advocates, he was buzzing lol.",,,https://reddit.com/r/PremierLeague/comments/1j5jcm0/liverpool_have_defeated_the_champions_of_england/mgig48l/,buzzing
Bitter? I've had a crate of Stella and we're 6-1 up I'm buzzing,,,https://reddit.com/r/PremierLeague/comments/1j3l6fz/slot_said_ref_oliver_to_blame_if_liverpool_fail/mg19exy/,buzzing
I would be BUZZING,,,https://reddit.com/r/PremierLeague/comments/1j26n3w/rodri_could_return_for_man_city_this_season/mfqyswc/,buzzing
"Yeah I enjoy the women’s World Cup at least as much as the men’s and having it at home (NZ) last time was amazing. We’re not a big football country so I’m usually a neutral fan when watching international games anyway. Heaps of people turned out to watch the games so the atmosphere was buzzing and the overall quality was excellent. I think the Japanese women’s team is my favourite international team to watch, male or female. So small but so efficient. Also as an uncle of girls it’s just neat to see so many young women excited by sport",,,https://reddit.com/r/PremierLeague/comments/1j1tcd9/womens_football/mfnv5hl/,buzzing
“Visual 5-second countdown” Absolutely buzzing to see the deep analysis as to how this all a rouse against Arsenal!,,,https://reddit.com/r/PremierLeague/comments/1j10y6g/official_ifab_approves_new_rule_from_next_season/mfichpr/,buzzing
ArsenStoke will be absolutely buzzing.,,,https://reddit.com/r/PremierLeague/comments/1j10y6g/official_ifab_approves_new_rule_from_next_season/mfft70c/,buzzing
"Im sorry, but we have done this repeatedly even with our players all there. We have done it this season.... with all the attackers there Teams looking at titles dont have the luxury of excuses. You are simply seeking justification here and not facing the facts. The team today should have been capable of ripping West Ham to pieces at home, the team should have been buzzing after liverpool slipping up, instead they were completely dominated physically and unable to force anything or make anything happen.",,,https://reddit.com/r/PremierLeague/comments/1ivqiqm/arteta_i_am_very_very_angry_very_disappointed/me83g58/,buzzing
"Anfield will be buzzing for that game. Say what you will about the atmosphere at anfield, but big games we always show up.... It will rattle the arsenal players",,,https://reddit.com/r/PremierLeague/comments/1it0nlf/liverpool_the_next_two_games/mdlffux/,buzzing
